Year,Rnd,Pick,Tm,Player,Pos,Age,To,AP1,PB,St,CarAV,DrAV,G,Cmp,Att,Yds,TD,Int,Att,Yds,TD,Rec,Yds,TD,Solo,Int,Sk,College/Univ,
2010,1,1,STL,Sam Bradford\BradSa00,QB,22,2018,0,0,5,44,23,83,1855,2967,19449,103,61,146,340,2,1,5,0,,,,Oklahoma,College Stats
2010,1,2,DET,Ndamukong Suh\SuhxNd99,DT,23,2020,3,5,10,87,57,163,0,0,0,0,0,0,0,0,0,0,0,355,1,60.5,Nebraska,College Stats
2010,1,3,TAM,Gerald McCoy\McCoGe99,DT,22,2019,1,6,10,68,64,139,0,0,0,0,0,0,0,0,0,0,0,235,,59.5,Oklahoma,College Stats
2010,1,4,WAS,Trent Williams\WillTr21,T,22,2020,0,7,9,67,67,124,0,0,0,0,0,0,0,0,0,0,0,,,,Oklahoma,College Stats
2010,1,5,KAN,Eric Berry\BerrEr99,DB,21,2018,3,5,5,47,47,89,0,0,0,0,0,0,0,0,0,0,0,377,14,5.5,Tennessee,College Stats
2010,1,6,SEA,Russell Okung\OkunRu20,T,22,2020,0,2,8,61,36,126,0,0,0,0,0,0,0,0,0,0,0,1,,,Oklahoma St.,College Stats
2010,1,7,CLE,Joe Haden\HadeJo99,DB,21,2020,0,3,8,55,38,135,0,0,0,0,0,0,0,0,0,0,0,443,28,3,Florida,College Stats
2010,1,8,OAK,Rolando McClain\McClRo00,LB,21,2015,0,0,5,26,16,65,0,0,0,0,0,0,0,0,0,0,0,288,4,9.5,Alabama,College Stats
2010,1,9,BUF,C.J. Spiller\SpilC.00,RB,23,2017,0,1,3,34,32,90,0,0,0,0,0,712,3451,12,198,1484,9,2,,,Clemson,College Stats
2010,1,10,JAX,Tyson Alualu\AluaTy99,DT,23,2020,0,0,6,44,35,160,0,0,0,0,0,1,0,0,2,19,0,242,,23.5,California,College Stats
2010,1,11,SFO,Anthony Davis\DaviAn27,T,20,2016,0,0,4,36,36,72,0,0,0,0,0,0,0,0,0,0,0,,,,Rutgers,College Stats
2010,1,12,SDG,Ryan Mathews\MathRy00,RB,22,2016,0,1,5,43,36,86,0,0,0,0,0,1184,5261,37,179,1371,3,,,,Fresno St.,College Stats
2010,1,13,PHI,Brandon Graham\GrahBr99,DE,22,2020,0,0,5,47,47,147,0,0,0,0,0,0,0,0,0,0,0,285,,54,Michigan,College Stats
2010,1,14,SEA,Earl Thomas\ThomEa99,DB,21,2019,3,7,9,77,72,140,0,0,0,0,0,0,0,0,0,0,0,497,30,2,Texas,College Stats
2010,1,15,NYG,Jason Pierre-Paul\PierJa99,DE,21,2020,1,2,8,61,53,142,0,0,0,0,0,0,0,0,0,0,0,393,2,83.5,South Florida,College Stats
2010,1,16,TEN,Derrick Morgan\MorgDe99,DE,21,2018,0,0,8,40,40,118,0,0,0,0,0,0,0,0,0,0,0,208,,44.5,Georgia Tech,College Stats
2010,1,17,SFO,Mike Iupati\IupaMi20,G,23,2020,1,4,9,60,36,134,0,0,0,0,0,0,0,0,1,10,0,1,,,Idaho,College Stats
2010,1,18,PIT,Maurkice Pouncey\PounMa20,C,21,2020,2,8,8,71,71,124,0,0,0,0,0,0,0,0,1,0,0,,,,Florida,College Stats
2010,1,19,ATL,Sean Weatherspoon\WeatSe99,LB,22,2017,0,0,2,22,22,67,0,0,0,0,0,0,0,0,0,0,0,244,2,8,Missouri,College Stats
2010,1,20,HOU,Kareem Jackson\JackKa99,DB,22,2020,0,0,9,44,39,149,0,0,0,0,0,0,0,0,0,0,0,533,18,2,Alabama,College Stats
2010,1,21,CIN,Jermaine Gresham\GresJe00,TE,22,2018,0,2,9,28,22,132,0,0,0,0,0,0,0,0,377,3752,29,1,,,Oklahoma,College Stats
2010,1,22,DEN,Demaryius Thomas\ThomDe03,WR,22,2019,0,4,8,69,65,143,0,1,0,0,0,3,6,0,724,9763,63,2,,,Georgia Tech,College Stats
2010,1,23,GNB,Bryan Bulaga\BulaBr20,T,21,2020,0,0,8,59,59,118,0,0,0,0,0,0,0,0,0,0,0,,,,Iowa,
2010,1,24,DAL,Dez Bryant\BryaDe01,WR,21,2017,1,3,7,61,61,113,1,1,10,1,0,6,-3,0,531,7459,73,,,,Oklahoma St.,College Stats
2010,1,25,DEN,Tim Tebow\TeboTi00,QB,23,2012,0,0,1,12,11,35,173,361,2422,17,9,197,989,12,0,0,0,1,,,Florida,College Stats
2010,1,26,ARI,Dan Williams\WillDa99,DT,23,2016,0,0,6,31,22,102,0,0,0,0,0,0,0,0,0,0,0,154,1,3.5,Tennessee,College Stats
2010,1,27,NWE,Devin McCourty\McCoDe99,DB,23,2020,0,2,10,61,61,159,0,0,0,0,0,0,0,0,0,0,0,605,27,3,Rutgers,College Stats
2010,1,28,MIA,Jared Odrick\OdriJa99,DE,22,2016,0,0,3,29,20,87,0,0,0,0,0,0,0,0,0,0,0,135,1,23,Penn St.,College Stats
2010,1,29,NYJ,Kyle Wilson\WilsKy99,DB,23,2015,0,0,2,15,13,95,0,0,0,0,0,0,0,0,0,0,0,167,4,1,Boise St.,College Stats
2010,1,30,DET,Jahvid Best\BestJa00,RB,21,2012,0,0,2,13,13,22,0,1,0,0,0,255,945,6,85,774,3,,,,California,College Stats
2010,1,31,IND,Jerry Hughes\HughJe99,DE,22,2020,0,0,6,51,4,156,0,0,0,0,0,0,0,0,0,0,0,255,,51.5,TCU,College Stats
2010,1,32,NOR,Patrick Robinson\RobiPa99,DB,23,2020,0,0,1,27,13,115,0,0,0,0,0,0,0,0,0,0,0,274,15,2,Florida St.,College Stats
2010,2,33,STL,Rodger Saffold\SaffRo20,T,22,2020,0,0,8,54,46,133,0,0,0,0,0,0,0,0,0,0,0,,,,Indiana,College Stats
2010,2,34,MIN,Chris Cook\CookCh99,DB,23,2014,0,0,2,9,9,40,0,0,0,0,0,0,0,0,0,0,0,107,,1,Virginia,College Stats
2010,2,35,TAM,Brian Price\PricBr99,DT,21,2012,0,0,1,4,4,20,0,0,0,0,0,0,0,0,0,0,0,23,,3,UCLA,College Stats
2010,2,36,KAN,Dexter McCluster\McClDe00,WR,21,2016,0,1,1,21,17,89,0,0,0,0,0,250,1042,2,236,1993,7,1,,,Mississippi,College Stats
2010,2,37,PHI,Nate Allen\AlleNa99,DB,22,2017,0,0,5,29,26,100,0,0,0,0,0,0,0,0,0,0,0,303,13,4,South Florida,College Stats
2010,2,38,CLE,T.J. Ward\WardT.99,DB,23,2017,0,2,7,39,23,107,0,0,0,0,0,0,0,0,0,0,0,458,8,8.5,Oregon,College Stats
2010,2,39,TAM,Arrelious Benn\BennAr00,WR,21,2017,0,0,2,8,7,61,0,0,0,0,0,15,44,0,65,990,6,24,,,Illinois,College Stats
2010,2,40,MIA,Koa Misi\MisiKo99,LB,23,2016,0,0,6,31,31,84,0,0,0,0,0,0,0,0,0,0,0,258,,12,Utah,College Stats
2010,2,41,BUF,Torell Troup\TrouTo00,DT,21,2012,0,0,0,3,3,21,0,0,0,0,0,0,0,0,0,0,0,17,,,Central Florida,
2010,2,42,NWE,Rob Gronkowski\GronRo00,TE,21,2020,4,5,9,69,69,120,0,0,0,0,0,1,2,1,533,8001,79,,,,Arizona,College Stats
2010,2,43,BAL,Sergio Kindle\KindSe99,LB,22,2012,0,0,0,0,0,3,0,0,0,0,0,0,0,0,0,0,0,1,,,Texas,
2010,2,44,OAK,Lamarr Houston\HousLa99,DE,23,2017,0,0,5,32,26,100,0,0,0,0,0,0,0,0,0,0,0,231,1,30.5,Texas,College Stats
2010,2,45,DEN,Zane Beadles\BeadZa20,G,23,2018,0,1,7,48,30,137,0,0,0,0,0,0,0,0,0,0,0,,,,Utah,College Stats
2010,2,46,NYG,Linval Joseph\JoseLi99,DT,21,2020,0,2,9,62,16,145,0,0,0,0,0,0,0,0,0,0,0,322,,24,East Carolina,College Stats
2010,2,47,ARI,Daryl Washington\WashDa99,LB,23,2014,0,1,4,36,36,59,0,0,0,0,0,0,0,0,0,0,0,329,6,18,TCU,College Stats
2010,2,48,CAR,Jimmy Clausen\ClauJi00,QB,22,2015,0,0,1,3,0,21,255,472,2520,7,14,37,102,0,0,0,0,,,,Notre Dame,College Stats
2010,2,49,SFO,Taylor Mays\MaysTa99,DB,22,2015,0,0,0,9,3,80,0,0,0,0,0,0,0,0,0,0,0,89,,1,USC,College Stats
2010,2,50,KAN,Javier Arenas\ArenJa99,DB,22,2014,0,0,1,8,7,69,0,0,0,0,0,4,17,1,0,0,0,137,2,5,Alabama,College Stats
2010,2,51,MIN,Toby Gerhart\GerhTo00,RB,23,2015,0,0,0,16,13,82,0,0,0,0,0,397,1675,7,100,809,3,7,,,Stanford,College Stats
2010,2,52,PIT,Jason Worilds\WoriJa99,DE,22,2014,0,0,2,21,21,73,0,0,0,0,0,0,0,0,0,0,0,144,1,25.5,Virginia Tech,College Stats
2010,2,53,NWE,Jermaine Cunningham\CunnJe99,LB,22,2014,0,0,1,8,8,38,0,0,0,0,0,0,0,0,0,0,0,44,,3.5,Florida,College Stats
2010,2,54,CIN,Carlos Dunlap\DunlCa99,DE,21,2020,0,2,7,61,61,152,0,0,0,0,0,0,0,0,0,0,0,326,2,81.5,Florida,College Stats
2010,2,55,DAL,Sean Lee\LeexSe99,LB,24,2019,1,2,7,51,51,109,0,0,0,0,0,0,0,0,0,0,0,510,14,4,Penn St.,College Stats
2010,2,56,GNB,Mike Neal\NealMi99,DE,23,2015,0,0,2,17,17,68,0,0,0,0,0,0,0,0,0,0,0,92,1,19,Purdue,College Stats
2010,2,57,BAL,Terrence Cody\CodyTe99,DT,22,2014,0,0,1,13,13,57,0,0,0,0,0,0,0,0,0,0,0,45,,,Alabama,College Stats
2010,2,58,HOU,Ben Tate\TateBe00,RB,22,2014,0,0,0,14,13,51,0,0,0,0,0,540,2363,14,67,347,0,,,,Auburn,College Stats
2010,2,59,CLE,Montario Hardesty\HardMo00,RB,23,2012,0,0,0,4,4,23,0,0,0,0,0,153,537,1,16,138,0,,,,Tennessee,College Stats
2010,2,60,SEA,Golden Tate\TateGo00,WR,22,2020,0,1,7,56,17,151,1,1,23,1,0,44,216,0,674,7993,44,,,,Notre Dame,College Stats
2010,2,61,NYJ,Vlad Ducasse\DucaVl20,T,22,2018,0,0,4,20,3,111,0,0,0,0,0,0,0,0,0,0,0,,,,Massachusetts,
2010,2,62,NWE,Brandon Spikes\SpikBr99,LB,23,2016,0,0,5,23,18,78,0,0,0,0,0,0,0,0,0,0,0,212,2,2,Florida,College Stats
2010,2,63,IND,Pat Angerer\AngePa99,LB,23,2013,0,0,3,17,17,54,0,0,0,0,0,0,0,0,0,0,0,195,2,2.5,Iowa,College Stats
2010,2,64,NOR,Charles Brown\BrowCh28,T,23,2015,0,0,1,15,15,54,0,0,0,0,0,0,0,0,0,0,0,,,,USC,College Stats
2010,3,65,STL,Jerome Murphy\MurpJe99,DB,23,2013,0,0,0,3,2,33,0,0,0,0,0,0,0,0,0,0,0,33,1,,South Florida,College Stats
2010,3,66,DET,Amari Spievey\SpieAm99,DB,22,2012,0,0,2,12,12,35,0,0,0,0,0,0,0,0,0,0,0,117,5,1,Iowa,College Stats
2010,3,67,TAM,Myron Lewis\LewiMy99,DB,22,2012,0,0,0,1,1,28,0,0,0,0,0,0,0,0,0,0,0,20,,,Vanderbilt,College Stats
2010,3,68,KAN,Jon Asamoah\AsamJo20,G,22,2014,0,0,4,20,13,75,0,0,0,0,0,0,0,0,0,0,0,,,,Illinois,
2010,3,69,OAK,Jared Veldheer\VeldJa20,T,23,2019,0,0,8,49,20,120,0,0,0,0,0,0,0,0,0,0,0,,,,Hillsdale,
2010,3,70,BAL,Ed Dickson\DickEd00,TE,23,2018,0,0,7,16,9,134,0,0,0,0,0,1,9,0,190,2128,15,14,,,Oregon,College Stats
2010,3,71,GNB,Morgan Burnett\BurnMo99,DB,21,2019,0,0,8,32,30,121,0,0,0,0,0,0,0,0,0,0,0,540,10,9.5,Georgia Tech,College Stats
2010,3,72,BUF,Alex Carrington\CarrAl99,DE,23,2015,0,0,1,7,6,59,0,0,0,0,0,0,0,0,0,0,0,39,,4,Arkansas St.,College Stats
2010,3,73,MIA,John Jerry\JerrJo20,T,24,2019,0,0,6,39,16,132,0,0,0,0,0,0,0,0,0,0,0,,,,Mississippi,
2010,3,74,JAX,D'Anthony Smith\SmitDA99,DT,22,2015,0,0,0,1,1,14,0,0,0,0,0,0,0,0,0,0,0,8,,,Louisiana Tech,College Stats
2010,3,75,CHI,Major Wright\WrigMa99,DB,22,2016,0,0,3,20,17,77,0,0,0,0,0,0,0,0,0,0,0,244,9,,Florida,College Stats
2010,3,76,NYG,Chad Jones,DB,,,0,0,0,,,,,,,,,,,,,,,,,,LSU,College Stats
2010,3,77,TEN,Damian Williams\WillDa04,WR,22,2014,0,0,1,9,9,57,0,0,0,0,0,1,5,0,107,1327,5,4,,,USC,College Stats
2010,3,78,CAR,Brandon LaFell\LaFeBr00,WR,23,2018,0,0,5,43,17,125,0,1,0,0,0,11,130,0,406,5398,31,2,,,LSU,College Stats
2010,3,79,SDG,Donald Butler\ButlDo99,LB,21,2016,0,0,5,29,27,85,0,0,0,0,0,0,0,0,0,0,0,285,3,7,Washington,
2010,3,80,DEN,J.D. Walton\WaltJ.20,C,23,2015,0,0,3,21,13,56,0,0,0,0,0,0,0,0,0,0,0,,,,Baylor,College Stats
2010,3,81,HOU,Earl Mitchell\MitcEa99,DT,22,2018,0,0,4,29,10,130,0,0,0,0,0,0,0,0,0,0,0,163,,6.5,Arizona,College Stats
2010,3,82,PIT,Emmanuel Sanders\SandEm00,WR,23,2020,0,2,7,55,12,148,3,3,78,2,0,18,159,1,615,8075,44,7,,,SMU,College Stats
2010,3,83,ATL,Corey Peters\PeteCo00,DT,22,2020,0,0,7,42,23,133,0,0,0,0,0,0,0,0,0,0,0,188,1,19,Kentucky,College Stats
2010,3,84,CIN,Jordan Shipley\ShipJo00,WR,24,2012,0,0,0,7,5,24,0,0,0,0,0,0,0,0,79,858,4,,,,Texas,College Stats
2010,3,85,CLE,Colt McCoy\McCoCo00,QB,24,2019,0,0,2,13,10,40,560,923,6080,29,27,130,497,2,2,8,0,,,,Texas,College Stats
2010,3,86,PHI,Daniel Te'o-Nesheim\Teo-Da99,DE,23,2013,0,0,2,12,1,39,0,0,0,0,0,0,0,0,0,0,0,36,,5,Washington,College Stats
2010,3,87,DEN,Eric Decker\DeckEr00,WR,23,2017,0,0,5,46,28,111,0,2,0,0,0,1,1,0,439,5816,53,8,,,Minnesota,College Stats
2010,3,88,ARI,Andre Roberts\RobeAn00,WR,22,2020,1,2,2,23,14,152,0,0,0,0,0,13,101,0,258,3016,15,,,,The Citadel,
2010,3,89,CAR,Armanti Edwards\EdwaAr00,WR,22,2013,0,0,0,1,1,41,2,3,11,0,0,3,12,0,6,131,0,,,,Appalachian St.,
2010,3,90,NWE,Taylor Price\PricTa00,WR,22,2012,0,0,0,1,1,6,0,0,0,0,0,0,0,0,5,80,0,,,,Ohio,College Stats
2010,3,91,SFO,NaVorro Bowman\BowmNa99,LB,22,2017,4,3,5,68,64,99,0,0,0,0,0,0,0,0,0,0,0,585,5,14,Penn St.,College Stats
2010,3,92,CLE,Shawn Lauvao\LauvSh20,G,22,2018,0,0,7,30,13,99,0,0,0,0,0,0,0,0,0,0,0,,,,Arizona St.,College Stats
2010,3,93,KAN,Tony Moeaki\MoeaTo00,TE,23,2015,0,0,2,10,9,49,0,0,0,0,0,0,0,0,91,1201,6,,,,Iowa,College Stats
2010,3,94,IND,Kevin Thomas\ThomKe99,DB,23,2011,0,0,0,2,2,9,0,0,0,0,0,0,0,0,0,0,0,20,,,USC,
2010,3,95,NOR,Jimmy Graham\GrahJi00,TE,23,2020,1,5,9,59,39,158,0,0,0,0,0,2,3,0,666,8052,78,1,,,Miami (FL),College Stats
2010,3,96,CIN,Brandon Ghee\GheeBr99,DB,23,2014,0,0,0,3,2,29,0,0,0,0,0,0,0,0,0,0,0,17,1,,Wake Forest,College Stats
2010,3,97,TEN,Rennie Curran\CurrRe99,LB,21,2010,0,0,0,1,1,9,0,0,0,0,0,0,0,0,0,0,0,4,,,Georgia,College Stats
2010,3,98,ATL,Mike Johnson\JohnMi23,G,23,2014,0,0,0,2,2,18,0,0,0,0,0,0,0,0,1,1,1,,,,Alabama,
2010,4,99,STL,Mardy Gilyard\GilyMa00,WR,23,2012,0,0,0,1,1,19,0,0,0,0,0,0,0,0,8,78,0,5,,,Cincinnati,College Stats
2010,4,100,MIN,Everson Griffen\GrifEv99,DE,22,2020,0,4,6,61,61,151,0,0,0,0,0,0,0,0,0,0,0,265,2,75.5,USC,College Stats
2010,4,101,TAM,Mike Williams\WillMi04,WR,23,2014,0,0,3,25,25,63,1,1,28,0,0,1,3,0,223,3089,26,,,,Syracuse,College Stats
2010,4,102,HOU,Darryl Sharpton\SharDa01,LB,22,2014,0,0,1,10,9,47,0,0,0,0,0,0,0,0,0,0,0,117,1,1,Miami (FL),College Stats
2010,4,103,WAS,Perry Riley\RilePe00,LB,22,2016,0,0,6,30,27,90,0,0,0,0,0,0,0,0,0,0,0,308,3,9.5,LSU,College Stats
2010,4,104,TEN,Alterraun Verner\VernAl99,DB,21,2017,0,1,4,34,25,125,0,0,0,0,0,0,0,0,0,0,0,371,15,0.5,UCLA,College Stats
2010,4,105,PHI,Trevard Lindley\LindTr99,DB,24,2010,0,0,0,1,1,11,0,0,0,0,0,0,0,0,0,0,0,22,1,,Kentucky,College Stats
2010,4,106,OAK,Bruce Campbell\CampBr20,T,22,2012,0,0,0,1,1,19,0,0,0,0,0,0,0,0,0,0,0,,,,Maryland,College Stats
2010,4,107,BUF,Marcus Easley\EaslMa00,WR,22,2015,0,0,0,1,1,42,0,0,0,0,0,0,0,0,3,71,1,41,1,,Connecticut,
2010,4,108,OAK,Jacoby Ford\FordJa01,WR,23,2013,0,0,1,12,12,38,0,0,0,0,0,19,201,2,57,848,3,1,,,Clemson,College Stats
2010,4,109,CHI,Corey Wootton\WootCo99,DE,23,2014,0,0,1,15,13,60,0,0,0,0,0,0,0,0,0,0,0,65,,12,Northwestern,College Stats
2010,4,110,SDG,Darrell Stuckey\StucDa20,DB,23,2016,0,1,0,8,8,89,0,0,0,0,0,0,0,0,0,0,0,73,,1,Kansas,College Stats
2010,4,111,SEA,Walter Thurmond\ThurWa99,DB,23,2015,0,0,1,11,5,52,0,0,0,0,0,0,0,0,0,0,0,121,4,3,Oregon,College Stats
2010,4,112,NYJ,Joe McKnight\McKnJo00,RB,22,2014,0,0,0,7,6,41,0,0,0,0,0,113,505,0,23,241,2,8,,,USC,College Stats
2010,4,113,NWE,Aaron Hernandez\HernAa00,TE,20,2012,0,0,2,22,22,38,0,0,0,0,0,9,97,0,175,1956,18,,,,Florida,College Stats
2010,4,114,BAL,Dennis Pitta\PittDe00,TE,25,2016,0,0,1,16,16,66,0,0,0,0,0,0,0,0,224,2098,13,2,,,BYU,College Stats
2010,4,115,NYG,Phillip Dillard\DillPh99,LB,23,2012,0,0,0,0,0,7,0,0,0,0,0,0,0,0,0,0,0,3,,,Nebraska,College Stats
2010,4,116,PIT,Thaddeus Gibson\GibsTh99,DE,22,2012,0,0,0,0,,4,0,0,0,0,0,0,0,0,0,0,0,3,,,Ohio St.,College Stats
2010,4,117,ATL,Joe Hawley\HawlJo20,C,21,2017,0,0,3,25,13,91,0,0,0,0,0,0,0,0,0,0,0,,,,UNLV,College Stats
2010,4,118,HOU,Garrett Graham\GrahGa00,TE,24,2015,0,0,2,7,7,60,0,0,0,0,0,0,0,0,100,1059,10,5,,,Wisconsin,College Stats
2010,4,119,MIA,A.J. Edds\EddsA.99,LB,22,2014,0,0,0,0,,17,0,0,0,0,0,0,0,0,0,0,0,4,,,Iowa,
2010,4,120,CIN,Geno Atkins\AtkiGe99,DT,22,2019,2,8,9,87,87,153,0,0,0,0,0,0,0,0,0,0,0,227,,75.5,Georgia,College Stats
2010,4,121,PHI,Keenan Clayton\ClayKe99,LB,23,2012,0,0,0,3,2,36,0,0,0,0,0,0,0,0,0,0,0,38,,,Oklahoma,College Stats
2010,4,122,PHI,Mike Kafka\KafkMi00,QB,23,2014,0,0,0,0,0,4,11,16,107,0,2,3,0,0,0,0,0,,,,Northwestern,College Stats
2010,4,123,NOR,Al Woods\WoodAl99,DT,23,2019,0,0,4,23,,125,0,0,0,0,0,0,0,0,0,0,0,109,,5.5,LSU,College Stats
2010,4,124,CAR,Eric Norwood\NorwEr99,LB,22,2011,0,0,0,2,2,28,0,0,0,0,0,0,0,0,0,0,0,19,,1,South Carolina,College Stats
2010,4,125,PHI,Clay Harbor\HarbCl00,TE,23,2016,0,0,2,7,3,98,0,0,0,0,0,0,0,0,114,1170,8,7,,,SW Missouri St.,
2010,4,126,DAL,Akwasi Owusu-Ansah\OwusAk99,DB,22,2013,0,0,0,1,0,15,0,0,0,0,0,0,0,0,0,0,0,15,,,Indiana (PA),
2010,4,127,SEA,E.J. Wilson\WilsE.99,DE,22,2010,0,0,0,0,0,2,0,0,0,0,0,0,0,0,0,0,0,1,,,North Carolina,College Stats
2010,4,128,DET,Jason Fox\FoxxJa20,T,22,2015,0,0,1,9,2,37,0,0,0,0,0,0,0,0,0,0,0,,,,Miami (FL),College Stats
2010,4,129,IND,Jacques McClendon\McClJa20,G,22,2015,0,0,0,3,0,25,0,0,0,0,0,0,0,0,0,0,0,,,,Tennessee,College Stats
2010,4,130,ARI,O'Brien Schofield\SchoOB99,DE,23,2016,0,0,2,17,7,84,0,0,0,0,0,0,0,0,0,0,0,117,,15.5,Wisconsin,College Stats
2010,4,131,CIN,Roddrick Muckelroy\MuckRo99,LB,23,2012,0,0,0,2,1,21,0,0,0,0,0,0,0,0,0,0,0,4,,,Texas,College Stats
2010,5,132,STL,Michael Hoomanawanui\HoomMi00,TE,22,2017,0,0,3,5,1,87,0,0,0,0,0,1,0,0,57,646,8,2,,,Illinois,College Stats
2010,5,133,SEA,Kam Chancellor\ChanKa99,DB,22,2017,0,4,7,45,45,109,0,0,0,0,0,0,0,0,0,0,0,421,12,2,Virginia Tech,College Stats
2010,5,134,PHI,Ricky Sapp\SappRi99,DE,23,2014,0,0,0,1,,17,0,0,0,0,0,0,0,0,0,0,0,3,,,Clemson,College Stats
2010,5,135,ATL,Dominique Franks\FranDo99,DB,22,2014,0,0,0,6,5,52,0,0,0,0,0,0,0,0,0,0,0,34,3,,Oklahoma,College Stats
2010,5,136,KAN,Kendrick Lewis\LewiKe00,DB,22,2018,0,0,6,29,17,103,0,0,0,0,0,0,0,0,0,0,0,255,9,,Mississippi,College Stats
2010,5,137,DEN,Perrish Cox\CoxxPe99,DB,23,2016,0,0,4,19,3,81,0,0,0,0,0,0,0,0,0,0,0,191,10,,Oklahoma St.,College Stats
2010,5,138,OAK,Walter McFadden\McFaWa99,DB,23,2012,0,0,0,0,0,4,0,0,0,0,0,0,0,0,0,0,0,5,,,Auburn,College Stats
2010,5,139,NYJ,John Conner\ConnJo00,RB,23,2014,0,0,1,0,0,62,0,0,0,0,0,27,108,2,12,84,1,2,,,Kentucky,College Stats
2010,5,140,BUF,Ed Wang\WangEd20,T,23,2010,0,0,0,0,0,6,0,0,0,0,0,0,0,0,0,0,0,,,,Virginia Tech,College Stats
2010,5,141,CHI,Joshua Moore\MoorJo99,DB,22,2010,0,0,0,0,0,3,0,0,0,0,0,0,0,0,0,0,0,1,,,Kansas St.,College Stats
2010,5,142,KAN,Cameron Sheffield\ShefCa99,DE,22,2012,0,0,0,1,1,17,0,0,0,0,0,0,0,0,0,0,0,7,,,Troy,College Stats
2010,5,143,JAX,Larry Hart\HartLa99,DE,23,2010,0,0,0,1,1,14,0,0,0,0,0,0,0,0,0,0,0,5,,1.5,Central Arkansas,
2010,5,144,HOU,Sherrick McManis\McMaSh99,DB,22,2020,0,0,0,9,1,134,0,0,0,0,0,0,0,0,0,0,0,116,2,1,Northwestern,College Stats
2010,5,145,MIA,Nolan Carroll\CarrNo00,DB,23,2017,0,0,4,21,11,103,0,0,0,0,0,0,0,0,0,0,0,239,8,3,Maryland,College Stats
2010,5,146,SDG,Cam Thomas\ThomCa99,DT,23,2017,0,0,2,16,9,103,0,0,0,0,0,0,0,0,0,0,0,83,1,7.5,North Carolina,College Stats
2010,5,147,NYG,Mitch Petrus\PetrMi20,G,23,2012,0,0,0,4,4,27,0,0,0,0,0,0,0,0,0,0,0,,,,Arkansas,College Stats
2010,5,148,TEN,Robert Johnson\JohnRo99,DB,23,2012,0,0,0,2,2,15,0,0,0,0,0,0,0,0,0,0,0,14,1,,Utah,
2010,5,149,STL,Hall Davis\DaviHa21,DE,23,2012,0,0,0,0,,3,0,0,0,0,0,0,0,0,0,0,0,,,,Louisiana,
2010,5,150,NWE,Zoltan Mesko\MeskZo99,P,24,2013,0,0,0,6,6,56,0,0,0,0,0,0,0,0,0,0,0,2,,,Michigan,College Stats
2010,5,151,PIT,Chris Scott\ScotCh23,G,23,2016,0,0,0,8,0,45,0,0,0,0,0,0,0,0,0,0,0,,,,Tennessee,
2010,5,152,CIN,Otis Hudson\HudsOt20,T,24,2012,0,0,0,0,0,,0,0,0,0,0,0,0,0,0,0,0,,,,East. Illinois,
2010,5,153,JAX,Austen Lane\LaneAu99,DE,22,2014,0,0,2,7,7,30,0,0,0,0,0,0,0,0,0,0,0,47,,3,Murray St.,
2010,5,154,GNB,Andrew Quarless\QuarAn00,TE,21,2015,0,0,2,9,9,60,0,0,0,0,0,0,0,0,89,940,6,3,,,Penn St.,College Stats
2010,5,155,ARI,John Skelton\SkelJo00,QB,22,2012,0,0,1,4,4,20,320,602,3707,15,25,42,182,0,0,0,0,,,,Fordham,
2010,5,156,BAL,David Reed\ReedDa00,WR,23,2013,0,0,0,2,2,36,0,0,0,0,0,2,31,0,6,68,0,18,,,Utah,College Stats
2010,5,157,BAL,Arthur Jones\JoneAr22,DE,24,2017,0,0,2,19,14,64,0,0,0,0,0,0,0,0,0,0,0,99,,10,Syracuse,College Stats
2010,5,158,NOR,Matt Tennant\TennMa20,C,23,2012,0,0,0,3,2,36,0,0,0,0,0,0,0,0,0,0,0,,,,Boston Col.,
2010,5,159,PHI,Riley Cooper\CoopRi00,WR,22,2015,0,0,3,18,18,88,0,0,0,0,0,0,18,0,169,2418,18,14,,,Florida,College Stats
2010,5,160,CLE,Larry Asante\AsanLa99,DB,22,2015,0,0,0,2,,39,0,0,0,0,0,0,0,0,0,0,0,58,1,,Nebraska,College Stats
2010,5,161,MIN,Chris DeGeare\DeGeCh20,G,23,2012,0,0,0,2,2,8,0,0,0,0,0,0,0,0,0,0,0,,,,Wake Forest,
2010,5,162,IND,Brody Eldridge\EldrBr00,TE,23,2011,0,0,2,0,0,27,0,0,0,0,0,0,0,0,14,84,0,1,,,Oklahoma,College Stats
2010,5,163,MIA,Reshad Jones\JoneRe99,DB,22,2019,0,2,8,44,44,128,0,0,0,0,0,0,0,0,0,0,0,599,21,10.5,Georgia,College Stats
2010,5,164,PIT,Crezdon Butler\ButlCr99,DB,23,2016,0,0,0,2,0,46,0,0,0,0,0,0,0,0,0,0,0,26,,,Clemson,College Stats
2010,5,165,ATL,Kerry Meier\MeieKe00,WR,23,2012,0,0,0,0,0,12,0,0,0,0,0,0,0,0,0,0,0,,,,Kansas,
2010,5,166,PIT,Stevenson Sylvester\SylvSt99,LB,22,2014,0,0,0,6,6,50,0,0,0,0,0,0,0,0,0,0,0,25,,,Utah,College Stats
2010,5,167,MIN,Nate Triplett\TripNa99,LB,23,2011,0,0,0,0,,8,0,0,0,0,0,0,0,0,0,0,0,4,,,Minnesota,College Stats
2010,5,168,SDG,Jonathan Crompton\CromJo00,QB,23,,0,0,0,,,,,,,,,,,,,,,,,,Tennessee,
2010,5,169,GNB,Marshall Newhouse\NewhMa20,G,21,2019,0,0,4,44,22,129,0,0,0,0,0,0,0,0,0,0,0,,,,TCU,College Stats
2010,6,170,STL,Fendi Onobun\OnobFe00,TE,23,2014,0,0,0,0,0,4,0,0,0,0,0,0,0,0,2,15,0,1,,,Arizona,College Stats
2010,6,171,ATL,Shann Schillinger\SchiSh99,DB,24,2013,0,0,0,2,2,37,1,1,-8,0,0,0,0,0,0,0,0,13,,,Montana,
2010,6,172,TAM,Brent Bowden,P,,,0,0,0,,,,,,,,,,,,,,,,,,Virginia Tech,College Stats
2010,6,173,SFO,Anthony Dixon\DixoAn00,RB,22,2015,0,0,0,7,3,96,0,0,0,0,0,274,934,11,23,140,0,31,,,Mississippi St.,College Stats
2010,6,174,WAS,Dennis Morris,RB,,,0,0,0,,,,,,,,,,,,,,,,,,Louisiana Tech,College Stats
2010,6,175,CAR,Greg Hardy\HardGr99,DE,22,2015,0,1,4,32,26,75,0,0,0,0,0,0,0,0,0,0,0,167,1,40,Mississippi,College Stats
2010,6,176,TEN,Rusty Smith\SmitRu01,QB,23,2012,0,0,0,1,1,3,23,45,234,0,4,0,0,0,0,0,0,,,,Florida Atlantic,College Stats
2010,6,177,CLE,Carlton Mitchell\MitcCa00,WR,22,2011,0,0,0,0,0,16,0,0,0,0,0,1,9,0,3,31,0,3,,,South Florida,College Stats
2010,6,178,BUF,Arthur Moats\MoatAr00,LB,22,2017,0,0,3,21,9,121,0,0,0,0,0,0,0,0,0,0,0,136,,16.5,James Madison,
2010,6,179,DAL,Sam Young\YounSa21,T,23,2020,0,0,0,12,0,94,0,0,0,0,0,0,0,0,0,0,0,,,,Notre Dame,
2010,6,180,JAX,Deji Karim\KariDe00,RB,23,2013,0,0,0,4,3,33,0,0,0,0,0,110,341,0,18,129,0,2,,,Southern Illinois,
2010,6,181,CHI,Dan LeFevour\LeFeDa00,QB,23,,0,0,0,,,,,,,,,,,,,,,,,,Central Michigan,
2010,6,182,SFO,Nate Byham\ByhaNa00,TE,22,2013,0,0,0,0,0,29,0,0,0,0,0,0,0,0,11,83,1,1,,,Pittsburgh,College Stats
2010,6,183,DEN,Eric Olsen\OlseEr20,C,22,2014,0,0,0,3,0,23,0,0,0,0,0,0,0,0,0,0,0,,,,Notre Dame,College Stats
2010,6,184,NYG,Adrian Tracy\TracAd99,DE,23,2012,0,0,0,1,1,16,0,0,0,0,0,0,0,0,0,0,0,9,,1,William & Mary,
2010,6,185,SEA,Anthony McCoy\McCoAn00,TE,22,2015,0,0,1,4,4,41,0,0,0,0,0,0,0,0,31,437,3,,,,USC,College Stats
2010,6,186,CLE,Clifton Geathers\GeatCl99,DE,22,2014,0,0,0,3,,40,0,0,0,0,0,0,0,0,0,0,0,17,,1,South Carolina,College Stats
2010,6,187,HOU,Shelley Smith\SmitSh22,G,23,2014,0,0,0,7,,36,0,0,0,0,0,0,0,0,0,0,0,,,,Colorado St.,
2010,6,188,PIT,Jonathan Dwyer\DwyeJo00,RB,21,2014,0,0,1,8,8,38,0,0,0,0,0,246,1022,3,29,184,0,1,,,Georgia Tech,College Stats
2010,6,189,STL,Eugene Sims\SimsEu99,DE,24,2016,0,0,1,19,19,99,0,0,0,0,0,0,0,0,0,0,0,110,2,12,West Texas A&M,
2010,6,190,OAK,Travis Goethel\GoetTr99,LB,23,2012,0,0,0,1,1,16,0,0,0,0,0,0,0,0,0,0,0,7,,,Arizona St.,College Stats
2010,6,191,CIN,Dezmon Briscoe\BrisDe00,WR,21,2012,0,0,0,4,,25,0,0,0,0,0,1,1,0,43,502,7,,,,Kansas,College Stats
2010,6,192,BUF,Danny Batten\BattDa99,DE,22,2011,0,0,0,3,3,16,0,0,0,0,0,0,0,0,0,0,0,17,,0.5,South Dakota St.,
2010,6,193,GNB,James Starks\StarJa00,RB,24,2016,0,0,0,27,27,76,0,0,0,0,0,618,2506,9,125,1017,6,,,,Buffalo,College Stats
2010,6,194,BAL,Ramon Harewood\HareRa00,T,23,2012,0,0,0,2,2,6,0,0,0,0,0,0,0,0,0,0,0,,,,Morehouse,
2010,6,195,PIT,Antonio Brown\BrowAn04,WR,22,2019,4,7,7,87,87,131,3,6,35,1,1,32,124,0,841,11263,75,6,,,Central Michigan,College Stats
2010,6,196,DAL,Jamar Wall\WallJa99,DB,22,2010,0,0,0,0,,2,0,0,0,0,0,0,0,0,0,0,0,1,,,Texas Tech,College Stats
2010,6,197,HOU,Trindon Holliday\HollTr00,WR,24,2014,0,0,0,4,0,33,0,0,0,0,0,1,7,0,2,17,0,,,,LSU,College Stats
2010,6,198,CAR,David Gettis\GettDa00,WR,23,2012,0,0,1,3,3,17,0,0,0,0,0,3,2,0,37,508,3,1,,,Baylor,College Stats
2010,6,199,MIN,Joe Webb\WebbJo00,WR,23,2018,0,0,0,4,4,102,90,159,888,3,6,50,326,4,10,74,0,23,,,Ala-Birmingham,College Stats
2010,6,200,PHI,Charles Scott,RB,,,0,0,0,,,,,,,,,,,,,,,,,,LSU,College Stats
2010,6,201,ARI,Jorrick Calvin\CalvJo99,DB,23,2010,0,0,0,1,,12,0,0,0,0,0,0,0,0,0,0,0,1,,,Troy,College Stats
2010,6,202,CAR,Jordan Pugh\PughJo99,DB,22,2013,0,0,0,4,3,44,0,0,0,0,0,0,0,0,0,0,0,44,2,1,Texas A&M,College Stats
2010,6,203,JAX,Scotty McGee,DB,,,0,0,0,,,,,,,,,,,,,,,,,,James Madison,
2010,6,204,CAR,Tony Pike\PikeTo00,QB,24,2010,0,0,0,0,0,1,6,12,47,0,0,0,0,0,0,0,0,,,,Cincinnati,College Stats
2010,6,205,NWE,Ted Larsen\LarsTe20,C,23,2019,0,0,5,35,,137,0,0,0,0,0,0,0,0,0,0,0,,,,North Carolina St.,College Stats
2010,6,206,SFO,Kyle Williams\WillKy01,WR,22,2014,0,0,0,6,6,39,0,0,0,0,0,8,76,0,47,574,4,,,,Arizona St.,College Stats
2010,6,207,TEN,Myron Rolle,DB,,,0,0,0,,,,,,,,,,,,,,,,,,Florida St.,
2010,7,208,NWE,Thomas Welch\WelcTh20,T,23,2013,0,0,0,2,1,27,0,0,0,0,0,0,0,0,0,0,0,,,,Vanderbilt,College Stats
2010,7,209,BUF,Levi Brown\BrowLe00,QB,23,2010,0,0,0,0,0,1,2,3,24,0,1,0,0,0,0,0,0,,,,Troy,College Stats
2010,7,210,TAM,Cody Grimm\GrimCo99,DB,23,2012,0,0,1,6,6,23,0,0,0,0,0,0,0,0,0,0,0,56,2,,Virginia Tech,College Stats
2010,7,211,STL,Marquis Johnson\JohnMa99,DB,22,2011,0,0,0,0,0,5,0,0,0,0,0,0,0,0,0,0,0,5,,,Alabama,College Stats
2010,7,212,MIA,Chris McCoy,DE,,,0,0,0,,,,,,,,,,,,,,,,,,Middle Tenn. St.,
2010,7,213,DET,Willie Young\YounWi99,DE,24,2017,0,0,2,21,9,98,0,0,0,0,0,0,0,0,0,0,0,122,1,32,North Carolina St.,College Stats
2010,7,214,MIN,Mickey Shuler\ShulMi01,TE,23,2015,0,0,0,0,,10,0,0,0,0,0,0,0,0,2,44,0,,,,Penn St.,College Stats
2010,7,215,OAK,Jeremy Ware\WareJe99,DB,23,2010,0,0,0,1,1,8,0,0,0,0,0,0,0,0,0,0,0,1,1,,Michigan St.,College Stats
2010,7,216,BUF,Kyle Calloway,T,,,0,0,0,,,,,,,,,,,,,,,,,,Iowa,College Stats
2010,7,217,TAM,Dekoda Watson\WatsDe99,LB,22,2019,0,0,0,11,8,108,0,0,0,0,0,0,0,0,0,0,0,122,1,6,Florida St.,College Stats
2010,7,218,CHI,J'Marcus Webb\WebbJM20,T,22,2019,0,0,4,32,19,95,0,0,0,0,0,0,0,0,0,0,0,,,,West Texas A&M,
2010,7,219,WAS,Terrence Austin\AustTe00,WR,22,2011,0,0,0,1,1,18,0,0,0,0,0,0,0,0,15,184,0,2,,,UCLA,College Stats
2010,7,220,PHI,Jamar Chaney\ChanJa98,LB,23,2014,0,0,1,13,12,54,0,0,0,0,0,0,0,0,0,0,0,122,3,1,Mississippi St.,College Stats
2010,7,221,NYG,Matt Dodge\DodgMa99,P,23,2010,0,0,0,2,2,16,0,0,0,0,0,1,0,0,0,0,0,3,,,East Carolina,College Stats
2010,7,222,TEN,Marc Mariani\MariMa00,WR,23,2016,0,1,0,5,3,70,0,0,0,0,0,2,19,0,27,324,0,7,,,Montana,
2010,7,223,CAR,R.J. Stanford\StanR.00,DB,22,2014,0,0,0,4,1,46,0,0,0,0,0,0,0,0,0,0,0,39,2,,Utah,
2010,7,224,SFO,Phillip Adams\AdamPh00,DB,22,2015,0,0,0,10,1,78,0,0,0,0,0,0,0,0,0,0,0,108,5,,South Carolina St.,
2010,7,225,DEN,Syd'Quan Thompson\ThomSy99,DB,23,2010,0,0,0,1,1,13,0,0,0,0,0,0,0,0,0,0,0,12,2,,California,College Stats
2010,7,226,STL,George Selvie\SelvGe99,DE,23,2015,0,0,2,17,2,80,0,0,0,0,0,0,0,0,0,0,0,101,,14,South Florida,College Stats
2010,7,227,HOU,Dorin Dickerson\DickDo00,WR,22,2013,0,0,0,1,0,23,0,0,0,0,0,1,-8,0,11,151,0,,,,Pittsburgh,College Stats
2010,7,228,CIN,Reggie Stephens\StepRe22,C,23,2012,0,0,0,0,,,0,0,0,0,0,0,0,0,0,0,0,,,,Iowa St.,
2010,7,229,WAS,Erik Cook\CookEr00,C,23,2011,0,0,0,1,1,6,0,0,0,0,0,0,0,0,0,0,0,,,,New Mexico,
2010,7,230,GNB,C.J. Wilson\WilsC.98,DE,23,2016,0,0,2,15,9,84,0,0,0,0,0,0,0,0,0,0,0,87,,7.5,East Carolina,College Stats
2010,7,231,WAS,Selvish Capers\CapeSe20,T,24,2012,0,0,0,0,,3,0,0,0,0,0,0,0,0,0,0,0,,,,West Virginia,College Stats
2010,7,232,DEN,Jammie Kirlew\KirlJa99,DE,23,2011,0,0,0,0,,1,0,0,0,0,0,0,0,0,0,0,0,,,,Indiana,College Stats
2010,7,233,ARI,Jim Dray\DrayJi00,TE,23,2017,0,0,2,4,2,94,0,0,0,0,0,0,0,0,56,605,3,10,,,Stanford,College Stats
2010,7,234,DAL,Sean Lissemore\LissSe99,DT,22,2015,0,0,2,14,4,69,0,0,0,0,0,0,0,0,0,0,0,78,1,6.5,William & Mary,
2010,7,235,SDG,Dedrick Epps\EppsDe00,TE,22,2012,0,0,0,0,,6,0,0,0,0,0,0,0,0,1,9,0,,,,Miami (FL),College Stats
2010,7,236,SEA,Dexter Davis\DaviDe99,LB,23,2012,0,0,0,1,1,16,0,0,0,0,0,0,0,0,0,0,0,10,,1,Arizona St.,College Stats
2010,7,237,MIN,Ryan D'Imperio\DImpRy00,RB,23,2011,0,0,0,0,0,12,0,0,0,0,0,0,0,0,2,7,0,7,,,Rutgers,
2010,7,238,IND,Ricardo Mathews\MathRi99,DT,23,2016,0,0,0,14,5,96,0,0,0,0,0,0,0,0,0,0,0,66,,5,Cincinnati,College Stats
2010,7,239,NOR,Sean Canfield\CanfSe00,QB,24,,0,0,0,,,,,,,,,,,,,,,,,,Oregon St.,
2010,7,240,IND,Kavell Conner\ConnKa99,LB,23,2015,0,0,3,20,15,78,0,0,0,0,0,0,0,0,0,0,0,208,,2,Clemson,College Stats
2010,7,241,TEN,David Howard,DT,,,0,0,0,,,,,,,,,,,,,,,,,,Brown,
2010,7,242,PIT,Doug Worthington\WortDo99,DT,23,2015,0,0,0,0,,8,0,0,0,0,0,0,0,0,0,0,0,2,,,Ohio St.,
2010,7,243,PHI,Jeff Owens\OwenJe20,DT,23,2010,0,0,0,0,0,1,0,0,0,0,0,0,0,0,0,0,0,,,,Georgia,College Stats
2010,7,244,PHI,Kurt Coleman\ColeKu99,DB,22,2019,0,0,6,33,12,146,0,0,0,0,0,0,0,0,0,0,0,401,21,2,Ohio St.,College Stats
2010,7,245,SEA,Jameson Konz\KonzJa00,TE,24,2011,0,0,0,0,0,1,0,0,0,0,0,0,0,0,0,0,0,1,,,Kent St.,
2010,7,246,IND,Ray Fisher,DB,,,0,0,0,,,,,,,,,,,,,,,,,,Indiana,College Stats
2010,7,247,NWE,Brandon Deaderick\DeadBr99,DE,23,2014,0,0,0,8,7,60,0,0,0,0,0,0,0,0,0,0,0,41,,5.5,Alabama,College Stats
2010,7,248,NWE,Kade Weston,DT,,,0,0,0,,,,,,,,,,,,,,,,,,Georgia,College Stats
2010,7,249,CAR,Robert McClain\McClRo98,DB,22,2017,0,0,1,15,4,94,0,0,0,0,0,0,0,0,0,0,0,239,7,2.5,Connecticut,College Stats
2010,7,250,NWE,Zac Robinson\RobiZa00,QB,23,2012,0,0,0,0,,,0,0,0,0,0,0,0,0,0,0,0,,,,Oklahoma St.,
2010,7,251,OAK,Stevie Brown\BrowSt99,DB,23,2014,0,0,1,10,1,55,0,0,0,0,0,0,0,0,0,0,0,123,8,1,Michigan,College Stats
2010,7,252,MIA,Austin Spitler\SpitAu99,LB,23,2013,0,0,0,5,5,55,0,0,0,0,0,0,0,0,0,0,0,27,,,Ohio St.,College Stats
2010,7,253,TAM,Erik Lorig\LoriEr99,DE,23,2014,0,0,1,1,1,66,0,0,0,0,0,3,4,0,39,220,2,19,,,Stanford,College Stats
2010,7,254,STL,Josh Hull\HullJo99,LB,23,2013,0,0,0,3,2,39,0,0,0,0,0,0,0,0,0,0,0,18,,,Penn St.,College Stats
2010,7,255,DET,Tim Toone\ToonTi00,WR,25,2012,0,0,0,0,,,0,0,0,0,0,0,0,0,0,0,0,,,,Weber St.,
2010,7,256,HOU,Lonnie Ballentine\BallLo00,DB,21,2016,0,0,0,0,0,4,0,0,0,0,0,0,0,0,0,0,0,3,,,Memphis,College Stats